event_index,event_initiation,current_T (°C),past_24hr_T (°C),CEI_raw,CEI,D_norm,NAC_norm,duration (hh:mm),cause_code,gen_rating_group (MW),gen_unit_type,gen_fuel,gen_state
1,2013-01-03 19:00:00,-15.0,"[-16.0, -17.0, -18.0, -19.0, -20.0, -22.0, -24.0, -25.0, -27.0, -27.0, -27.0, -27.0, -25.0, -24.0, -26.0, -26.0, -27.0, -28.0, -26.0, -22.0, -20.0, -18.0, -17.0, -16.0]",395.2642227355466,2.148420974523464,0.68,0.0,00:51,Cooling and seal air system B,<100,Combined Cycle Block,Gas,NY
2,2013-01-26 16:00:00,-13.0,"[-16.0, -15.0, -14.0, -13.0, -13.0, -13.0, -13.0, -13.0, -13.0, -14.0, -16.0, -16.0, -18.0, -17.0, -17.0, -19.0, -20.0, -18.0, -19.0, -20.0, -21.0, -19.0, -16.0, -14.0]",289.26465831307974,1.2121944737067631,0.6,0.0,01:54,Storms (ice; snow; etc),<100,Gas Turbine/Jet Engine (Simple Cycle Operation),Gas,NY
3,2013-01-23 07:00:00,-23.0,"[-17.0, -16.0, -17.0, -18.0, -17.0, -17.0, -17.0, -17.0, -17.0, -16.0, -16.0, -16.0, -16.0, -16.0, -16.0, -16.0, -17.0, -17.0, -17.0, -18.0, -19.0, -20.0, -21.0, -22.0]",317.1938662601234,1.4588753423434322,0.64,0.0,12:25,Storms (ice; snow; etc),<100,CoG GT units,Gas,NY
4,2013-01-24 18:00:00,-18.0,"[-22.0, -21.0, -20.0, -20.0, -21.0, -21.0, -22.0, -23.0, -23.0, -24.0, -24.0, -25.0, -26.0, -27.0, -27.0, -27.0, -27.0, -27.0, -26.0, -24.0, -22.0, -22.0, -20.0, -19.0]",411.0639048254536,2.287969482648416,0.73,0.0,04:25,Storms (ice; snow; etc),<100,Gas Turbine/Jet Engine (Simple Cycle Operation),Gas,NY
5,2013-01-23 02:00:00,-18.0,"[-14.0, -15.0, -15.0, -15.0, -16.0, -17.0, -16.0, -17.0, -18.0, -17.0, -17.0, -17.0, -17.0, -17.0, -16.0, -16.0, -16.0, -16.0, -16.0, -16.0, -16.0, -17.0, -17.0, -17.0]",292.35865712590146,1.2395217905485025,0.51,0.0,17:06,Storms (ice; snow; etc),<100,CoG GT units,Gas,NY
6,2013-01-27 12:00:00,-21.0,"[-21.0, -19.0, -16.0, -14.0, -13.0, -13.0, -11.0, -11.0, -10.0, -11.0, -13.0, -15.0, -16.0, -17.0, -17.0, -18.0, -17.0, -17.0, -17.0, -19.0, -19.0, -19.0, -21.0, -21.0]",296.37826536471766,1.275024424701622,0.57,0.0,04:59,Storms (ice; snow; etc),<100,CC GT units ,Gas,NY
7,2013-01-23 00:00:00,-17.0,"[-15.0, -14.0, -14.0, -15.0, -15.0, -15.0, -16.0, -17.0, -16.0, -17.0, -18.0, -17.0, -17.0, -17.0, -17.0, -17.0, -16.0, -16.0, -16.0, -16.0, -16.0, -16.0, -16.0, -17.0]",288.2355032000359,1.2031046034272734,0.54,0.82,02:11,Storms (ice; snow; etc),<100,Gas Turbine/Jet Engine (Simple Cycle Operation),Gas,NY
8,2013-01-23 02:00:00,-18.0,"[-14.0, -15.0, -15.0, -15.0, -16.0, -17.0, -16.0, -17.0, -18.0, -17.0, -17.0, -17.0, -17.0, -17.0, -16.0, -16.0, -16.0, -16.0, -16.0, -16.0, -16.0, -17.0, -17.0, -17.0]",292.35865712590146,1.2395217905485025,0.51,0.0,00:57,Storms (ice; snow; etc),<100,CoG GT units,Gas,NY
9,2013-01-26 15:00:00,-14.0,"[-17.0, -16.0, -15.0, -14.0, -13.0, -13.0, -13.0, -13.0, -13.0, -13.0, -14.0, -16.0, -16.0, -18.0, -17.0, -17.0, -19.0, -20.0, -18.0, -19.0, -20.0, -21.0, -19.0, -16.0]",292.99301886845785,1.2451247029540526,0.59,0.0,111:50,Storms (ice; snow; etc),<100,CoG GT units,Gas,NY
10,2013-01-26 15:00:00,-14.0,"[-17.0, -16.0, -15.0, -14.0, -13.0, -13.0, -13.0, -13.0, -13.0, -13.0, -14.0, -16.0, -16.0, -18.0, -17.0, -17.0, -19.0, -20.0, -18.0, -19.0, -20.0, -21.0, -19.0, -16.0]",292.99301886845785,1.2451247029540526,0.59,0.0,111:50,Storms (ice; snow; etc),<100,CoG GT units,Gas,NY
11,2013-01-24 02:00:00,-23.0,"[-18.0, -19.0, -20.0, -21.0, -22.0, -23.0, -23.0, -24.0, -25.0, -25.0, -26.0, -26.0, -26.0, -25.0, -24.0, -22.0, -22.0, -21.0, -20.0, -20.0, -21.0, -21.0, -22.0, -23.0]",399.6727805731897,2.1873589522450954,0.52,0.0,00:26,Storms (ice; snow; etc),<100,Gas Turbine/Jet Engine (Simple Cycle Operation),Gas,NY
12,2013-01-24 01:00:00,-23.0,"[-17.0, -18.0, -19.0, -20.0, -21.0, -22.0, -23.0, -23.0, -24.0, -25.0, -25.0, -26.0, -26.0, -26.0, -25.0, -24.0, -22.0, -22.0, -21.0, -20.0, -20.0, -21.0, -21.0, -22.0]",396.50654697166397,2.159393631616887,0.53,0.0,00:38,Storms (ice; snow; etc),<100,Gas Turbine/Jet Engine (Simple Cycle Operation),Gas,NY
13,2013-01-28 20:00:00,-7.0,"[-9.0, -10.0, -12.0, -14.0, -16.0, -16.0, -16.0, -16.0, -16.0, -16.0, -16.0, -17.0, -17.0, -17.0, -16.0, -14.0, -12.0, -10.0, -9.0, -9.0, -8.0, -8.0, -7.0, -7.0]",214.98588228001665,0.5561374516871281,0.64,0.5,05:36,Gas fuel system B,>200,Combined Cycle Block,Gas,NY
14,2013-02-09 03:00:00,-11.0,"[-16.0, -16.0, -16.0, -16.0, -15.0, -15.0, -15.0, -16.0, -15.0, -15.0, -15.0, -15.0, -14.0, -14.0, -14.0, -13.0, -13.0, -12.0, -12.0, -12.0, -11.0, -11.0, -11.0, -11.0]",237.5562870694318,0.7554874321624429,0.47,0.0,01:40,Storms (ice; snow; etc),<100,Gas Turbine/Jet Engine (Simple Cycle Operation),Gas,NY
15,2013-01-24 14:00:00,-22.0,"[-26.0, -25.0, -24.0, -22.0, -22.0, -21.0, -20.0, -20.0, -21.0, -21.0, -22.0, -23.0, -23.0, -24.0, -24.0, -25.0, -26.0, -27.0, -27.0, -27.0, -27.0, -27.0, -26.0, -24.0]",428.04730484380843,2.4379730157552415,0.66,0.0,01:30,Liquid fuel oil transfer/forwarding pump A,<100,Gas Turbine/Jet Engine (Simple Cycle Operation),Gas,NY
16,2013-01-23 12:00:00,-26.0,"[-17.0, -17.0, -17.0, -17.0, -16.0, -16.0, -16.0, -16.0, -16.0, -16.0, -16.0, -17.0, -17.0, -17.0, -18.0, -19.0, -20.0, -21.0, -22.0, -23.0, -23.0, -24.0, -25.0, -25.0]",351.0151212689537,1.7575969022165137,0.67,0.0,00:49,Gas fuel system A,<100,Gas Turbine/Jet Engine (Simple Cycle Operation),Gas,NY
17,2013-01-28 21:00:00,-7.0,"[-10.0, -12.0, -14.0, -16.0, -16.0, -16.0, -16.0, -16.0, -16.0, -16.0, -17.0, -17.0, -17.0, -16.0, -14.0, -12.0, -10.0, -9.0, -9.0, -8.0, -8.0, -7.0, -7.0, -7.0]",211.3335334643268,0.5238785856238013,0.61,0.47,05:36,Gas fuel system B,>200,Combined Cycle Block,Gas,NY
18,2013-01-23 05:00:00,-21.0,"[-15.0, -16.0, -17.0, -16.0, -17.0, -18.0, -17.0, -17.0, -17.0, -17.0, -17.0, -16.0, -16.0, -16.0, -16.0, -16.0, -16.0, -16.0, -17.0, -17.0, -17.0, -18.0, -19.0, -20.0]",305.1545791323674,1.3525400029355892,0.55,0.0,01:44,Storms (ice; snow; etc),<100,CoG GT units,Gas,NY
19,2014-01-23 13:00:00,-24.0,"[-31.0, -27.0, -25.0, -23.0, -22.0, -21.0, -20.0, -20.0, -21.0, -23.0, -23.0, -24.0, -25.0, -24.0, -24.0, -25.0, -26.0, -25.0, -25.0, -25.0, -25.0, -25.0, -25.0, -26.0]",430.8699814890201,2.4629039170554683,0.76,0.26,05:53,Other auxiliary system problems B,<100,Combined Cycle Block,Gas,NY
20,2014-01-24 00:00:00,-21.0,"[-24.0, -25.0, -24.0, -24.0, -25.0, -26.0, -25.0, -25.0, -25.0, -25.0, -25.0, -25.0, -26.0, -24.0, -22.0, -22.0, -21.0, -20.0, -19.0, -17.0, -18.0, -18.0, -19.0, -20.0]",392.58962734864133,2.1247979804684802,0.64,0.68,00:31,Other auxiliary system problems B,<100,Combined Cycle Block,Gas,NY
21,2014-01-21 22:00:00,-23.0,"[-17.0, -19.0, -20.0, -21.0, -21.0, -23.0, -25.0, -25.0, -29.0, -29.0, -28.0, -29.0, -31.0, -31.0, -32.0, -30.0, -24.0, -23.0, -22.0, -21.0, -21.0, -20.0, -20.0, -22.0]",430.3999899250092,2.4587527815316133,0.71,0.68,05:02,Other auxiliary system problems B,<100,Combined Cycle Block,Gas,NY
22,2014-01-23 00:00:00,-24.0,"[-28.0, -29.0, -31.0, -31.0, -32.0, -32.0, -32.0, -33.0, -33.0, -34.0, -34.0, -34.0, -34.0, -31.0, -27.0, -25.0, -23.0, -22.0, -21.0, -20.0, -20.0, -21.0, -23.0, -23.0]",480.4365079740889,2.9006934108292604,0.64,0.17,04:07,Other auxiliary system problems B,<100,Combined Cycle Block,Gas,NY
23,2014-01-22 10:00:00,-34.0,"[-31.0, -31.0, -32.0, -30.0, -24.0, -23.0, -22.0, -21.0, -21.0, -20.0, -20.0, -22.0, -23.0, -26.0, -28.0, -29.0, -31.0, -31.0, -32.0, -32.0, -32.0, -33.0, -33.0, -34.0]",504.31311811634913,3.1115802695314354,0.78,0.68,01:16,Other auxiliary system problems B,<100,Combined Cycle Block,Gas,NY
24,2014-02-28 13:00:00,-21.0,"[-14.0, -12.0, -11.0, -12.0, -14.0, -15.0, -16.0, -17.0, -17.0, -18.0, -18.0, -18.0, -19.0, -19.0, -20.0, -20.0, -20.0, -21.0, -21.0, -21.0, -22.0, -22.0, -24.0, -22.0]",335.13046666919934,1.617297886143785,0.72,0.79,00:35,Other combined cycle problems. (Use other gas turbine problem codes; other steam turbine codes; etc. whenever appropriate.),>200,Combined Cycle Block,Gas,NY
25,2014-01-03 14:00:00,-25.0,"[-24.0, -24.0, -24.0, -24.0, -24.0, -24.0, -24.0, -24.0, -24.0, -24.0, -24.0, -24.0, -24.0, -24.0, -24.0, -24.0, -24.0, -24.0, -24.0, -24.0, -24.0, -24.0, -24.0, -24.0]",427.4202357965023,2.432434515072446,0.75,0.26,04:54,Storms (ice; snow; etc),>200,Combined Cycle Block,Gas,NY
26,2014-01-07 21:00:00,-20.0,"[-16.0, -18.0, -20.0, -21.0, -22.0, -22.0, -23.0, -24.0, -24.0, -25.0, -26.0, -26.0, -26.0, -25.0, -26.0, -26.0, -25.0, -24.0, -23.0, -21.0, -21.0, -20.0, -20.0, -20.0]",400.98290147844637,2.1989304140473975,0.79,0.79,24:23,Storms (ice; snow; etc),>200,Combined Cycle Block,Gas,NY
27,2014-01-04 01:00:00,-29.0,"[-24.0, -24.0, -24.0, -24.0, -24.0, -24.0, -24.0, -24.0, -24.0, -24.0, -24.0, -24.0, -24.0, -25.0, -25.0, -24.0, -23.0, -22.0, -21.0, -21.0, -22.0, -24.0, -28.0, -29.0]",432.24114856559834,2.475014560727772,0.61,0.49,02:26,Storms (ice; snow; etc),>200,Combined Cycle Block,Gas,NY
28,2014-01-03 19:00:00,-21.0,"[-24.0, -24.0, -24.0, -24.0, -24.0, -24.0, -24.0, -24.0, -24.0, -24.0, -24.0, -24.0, -24.0, -24.0, -24.0, -24.0, -24.0, -24.0, -24.0, -25.0, -25.0, -24.0, -23.0, -22.0]",422.2833626322023,2.387063792900568,0.81,0.47,04:24,Storms (ice; snow; etc),>200,Combined Cycle Block,Gas,NY
29,2014-02-28 07:00:00,-21.0,"[-17.0, -18.0, -18.0, -18.0, -19.0, -17.0, -14.0, -12.0, -11.0, -12.0, -14.0, -15.0, -16.0, -17.0, -17.0, -18.0, -18.0, -18.0, -19.0, -19.0, -20.0, -20.0, -20.0, -21.0]",310.9394982396565,1.40363450132182,0.72,0.87,00:36,Other combined cycle problems. (Use other gas turbine problem codes; other steam turbine codes; etc. whenever appropriate.),>200,Combined Cycle Block,Gas,NY
30,2014-01-03 09:00:00,-24.0,"[-24.0, -24.0, -24.0, -24.0, -25.0, -24.0, -24.0, -24.0, -24.0, -24.0, -24.0, -24.0, -24.0, -24.0, -24.0, -24.0, -24.0, -24.0, -24.0, -24.0, -24.0, -24.0, -24.0, -24.0]",426.96403013942904,2.42840514166604,0.73,0.0,04:57,Storms (ice; snow; etc),>200,Combined Cycle Block,Gas,NY
31,2014-01-07 09:00:00,-26.0,"[-2.0, -3.0, -4.0, -6.0, -7.0, -8.0, -8.0, -8.0, -9.0, -11.0, -12.0, -13.0, -16.0, -18.0, -20.0, -21.0, -22.0, -22.0, -23.0, -24.0, -24.0, -25.0, -26.0, -26.0]",303.6458147282448,1.339214049887341,0.78,0.0,01:52,Storms (ice; snow; etc),<100,CoG GT units,Gas,NY
32,2014-01-04 17:00:00,-12.0,"[-23.0, -22.0, -21.0, -21.0, -22.0, -24.0, -28.0, -29.0, -29.0, -29.0, -29.0, -31.0, -31.0, -31.0, -31.0, -29.0, -26.0, -25.0, -24.0, -23.0, -22.0, -19.0, -15.0, -14.0]",424.086853179361,2.4029928738682305,0.75,0.0,03:49,Storms (ice; snow; etc),<100,CoG GT units,Gas,NY
33,2014-01-03 04:00:00,-24.0,"[-23.0, -24.0, -23.0, -24.0, -23.0, -24.0, -24.0, -24.0, -24.0, -25.0, -24.0, -24.0, -24.0, -24.0, -24.0, -24.0, -24.0, -24.0, -24.0, -24.0, -24.0, -24.0, -24.0, -24.0]",425.5166193235408,2.4156210857051827,0.59,0.0,01:17,Storms (ice; snow; etc),<100,CoG GT units,Gas,NY
34,2014-01-09 19:00:00,-8.0,"[-11.0, -11.0, -11.0, -11.0, -13.0, -13.0, -13.0, -12.0, -13.0, -11.0, -11.0, -11.0, -11.0, -13.0, -13.0, -16.0, -14.0, -15.0, -13.0, -11.0, -10.0, -8.0, -8.0, -8.0]",202.23135809498856,0.44348487983561696,0.78,0.0,20:04,Storms (ice; snow; etc),<100,CoG GT units,Gas,NY
35,2014-01-30 19:00:00,-5.0,"[-13.0, -12.0, -12.0, -13.0, -13.0, -13.0, -14.0, -17.0, -19.0, -20.0, -21.0, -21.0, -20.0, -19.0, -21.0, -22.0, -21.0, -21.0, -17.0, -14.0, -11.0, -9.0, -7.0, -6.0]",264.6140393829387,0.9944712893741273,0.78,0.0,03:07,Storms (ice; snow; etc),<100,CoG GT units,Gas,NY
36,2014-01-19 16:00:00,-7.0,"[-11.0, -11.0, -10.0, -10.0, -10.0, -10.0, -10.0, -11.0, -11.0, -11.0, -12.0, -12.0, -12.0, -12.0, -12.0, -12.0, -12.0, -12.0, -12.0, -12.0, -12.0, -12.0, -11.0, -8.0]",195.12517349546863,0.3807204866231109,0.65,0.0,03:05,Storms (ice; snow; etc),<100,CoG GT units,Gas,NY
37,2014-01-05 17:00:00,-3.0,"[-12.0, -9.0, -8.0, -8.0, -9.0, -14.0, -14.0, -14.0, -14.0, -14.0, -16.0, -17.0, -17.0, -17.0, -17.0, -18.0, -18.0, -18.0, -19.0, -19.0, -15.0, -12.0, -9.0, -6.0]",239.57324317139208,0.7733019181363017,0.73,0.0,05:13,Storms (ice; snow; etc),<100,Gas Turbine/Jet Engine (Simple Cycle Operation),Gas,NY
38,2014-02-13 13:00:00,-18.0,"[-26.0, -23.0, -16.0, -15.0, -13.0, -11.0, -10.0, -9.0, -10.0, -13.0, -18.0, -19.0, -19.0, -23.0, -22.0, -20.0, -20.0, -21.0, -22.0, -22.0, -22.0, -22.0, -22.0, -22.0]",333.8399602134091,1.6058996662551588,0.74,0.0,03:30,Storms (ice; snow; etc),<100,CoG GT units,Gas,NY
39,2014-01-21 09:00:00,-29.0,"[-10.0, -11.0, -11.0, -12.0, -13.0, -13.0, -14.0, -14.0, -14.0, -15.0, -15.0, -16.0, -16.0, -17.0, -19.0, -20.0, -21.0, -21.0, -23.0, -25.0, -25.0, -29.0, -29.0, -28.0]",350.25717226381454,1.7509024223972314,0.74,0.0,19:23,Storms (ice; snow; etc),<100,CoG GT units,Gas,NY
40,2014-01-30 19:00:00,-5.0,"[-13.0, -12.0, -12.0, -13.0, -13.0, -13.0, -14.0, -17.0, -19.0, -20.0, -21.0, -21.0, -20.0, -19.0, -21.0, -22.0, -21.0, -21.0, -17.0, -14.0, -11.0, -9.0, -7.0, -6.0]",264.6140393829387,0.9944712893741273,0.78,0.0,03:07,Storms (ice; snow; etc),<100,CoG GT units,Gas,NY
41,2014-01-03 12:00:00,-24.0,"[-24.0, -25.0, -24.0, -24.0, -24.0, -24.0, -24.0, -24.0, -24.0, -24.0, -24.0, -24.0, -24.0, -24.0, -24.0, -24.0, -24.0, -24.0, -24.0, -24.0, -24.0, -24.0, -24.0, -24.0]",426.9165422108443,2.427985711100903,0.75,0.0,03:29,Storms (ice; snow; etc),<100,CC GT units ,Gas,NY
42,2014-01-07 11:00:00,-26.0,"[-4.0, -6.0, -7.0, -8.0, -8.0, -8.0, -9.0, -11.0, -12.0, -13.0, -16.0, -18.0, -20.0, -21.0, -22.0, -22.0, -23.0, -24.0, -24.0, -25.0, -26.0, -26.0, -26.0, -25.0]",333.64349203384893,1.604164388216295,0.79,0.0,70:30,Storms (ice; snow; etc),<100,CC GT units ,Gas,NY
43,2014-01-06 17:00:00,-9.0,"[-3.0, -2.0, -2.0, -3.0, -3.0, -3.0, -3.0, -3.0, -3.0, -2.0, -2.0, -1.0, -1.0, -0.0, 0.0, 1.0, -2.0, -3.0, -4.0, -6.0, -7.0, -8.0, -8.0, -8.0]",67.9203377907202,-0.7427986416647219,0.78,0.0,06:36,Fuel piping and valves B,<100,Gas Turbine/Jet Engine (Simple Cycle Operation),Gas,NY
44,2014-01-04 17:00:00,-12.0,"[-23.0, -22.0, -21.0, -21.0, -22.0, -24.0, -28.0, -29.0, -29.0, -29.0, -29.0, -31.0, -31.0, -31.0, -31.0, -29.0, -26.0, -25.0, -24.0, -23.0, -22.0, -19.0, -15.0, -14.0]",424.086853179361,2.4029928738682305,0.75,0.89,04:27,Storms (ice; snow; etc),>200,Combined Cycle Block,Gas,NY
45,2014-01-02 21:00:00,-24.0,"[-21.0, -24.0, -26.0, -22.0, -23.0, -23.0, -24.0, -23.0, -24.0, -23.0, -24.0, -23.0, -24.0, -24.0, -24.0, -24.0, -25.0, -24.0, -24.0, -24.0, -24.0, -24.0, -24.0, -24.0]",422.72156726869184,2.3909341747808854,0.74,0.0,69:14,Fuel piping and valves B,<100,Gas Turbine/Jet Engine (Simple Cycle Operation),Gas,NY
46,2014-01-04 17:00:00,-12.0,"[-23.0, -22.0, -21.0, -21.0, -22.0, -24.0, -28.0, -29.0, -29.0, -29.0, -29.0, -31.0, -31.0, -31.0, -31.0, -29.0, -26.0, -25.0, -24.0, -23.0, -22.0, -19.0, -15.0, -14.0]",424.086853179361,2.4029928738682305,0.75,0.0,03:49,Storms (ice; snow; etc),<100,CoG GT units,Gas,NY
47,2014-01-07 13:00:00,-25.0,"[-7.0, -8.0, -8.0, -8.0, -9.0, -11.0, -12.0, -13.0, -16.0, -18.0, -20.0, -21.0, -22.0, -22.0, -23.0, -24.0, -24.0, -25.0, -26.0, -26.0, -26.0, -25.0, -26.0, -26.0]",359.5314515667352,1.8328162123894647,0.79,0.26,00:50,SCR NOx Injection grid piping/valves,<100,Gas Turbine/Jet Engine (Simple Cycle Operation),Gas,NY
48,2014-01-06 20:00:00,-13.0,"[-3.0, -3.0, -3.0, -3.0, -3.0, -3.0, -2.0, -2.0, -1.0, -1.0, -0.0, 0.0, 1.0, -2.0, -3.0, -4.0, -6.0, -7.0, -8.0, -8.0, -8.0, -9.0, -11.0, -12.0]",93.82094861324623,-0.5140350767245521,0.75,0.0,00:22,Fuel piping and valves B,<100,Gas Turbine/Jet Engine (Simple Cycle Operation),Gas,NY
49,2014-01-05 22:00:00,-3.0,"[-14.0, -14.0, -14.0, -14.0, -14.0, -16.0, -17.0, -17.0, -17.0, -17.0, -18.0, -18.0, -18.0, -19.0, -19.0, -15.0, -12.0, -9.0, -6.0, -3.0, -2.0, -2.0, -3.0, -3.0]",197.9201500824402,0.40540673098781294,0.61,0.8,00:16,Storms (ice; snow; etc),<100,Gas Turbine/Jet Engine (Simple Cycle Operation),Gas,NY
50,2014-01-03 11:00:00,-24.0,"[-24.0, -24.0, -25.0, -24.0, -24.0, -24.0, -24.0, -24.0, -24.0, -24.0, -24.0, -24.0, -24.0, -24.0, -24.0, -24.0, -24.0, -24.0, -24.0, -24.0, -24.0, -24.0, -24.0, -24.0]",426.93189189376204,2.4281212850535416,0.75,0.29,02:00,SCR NOx Injection grid piping/valves,<100,Gas Turbine/Jet Engine (Simple Cycle Operation),Gas,NY
51,2014-01-07 08:00:00,-26.0,"[1.0, -2.0, -3.0, -4.0, -6.0, -7.0, -8.0, -8.0, -8.0, -9.0, -11.0, -12.0, -13.0, -16.0, -18.0, -20.0, -21.0, -22.0, -22.0, -23.0, -24.0, -24.0, -25.0, -26.0]",286.23279868891217,1.1854159926595316,0.76,0.0,05:34,Fuel piping and valves B,<100,Gas Turbine/Jet Engine (Simple Cycle Operation),Gas,NY
52,2014-01-07 11:00:00,-26.0,"[-4.0, -6.0, -7.0, -8.0, -8.0, -8.0, -9.0, -11.0, -12.0, -13.0, -16.0, -18.0, -20.0, -21.0, -22.0, -22.0, -23.0, -24.0, -24.0, -25.0, -26.0, -26.0, -26.0, -25.0]",333.64349203384893,1.604164388216295,0.79,0.0,03:21,Other auxiliary system problems B,<100,Gas Turbine/Jet Engine (Simple Cycle Operation),Gas,NY
53,2014-01-06 20:00:00,-13.0,"[-3.0, -3.0, -3.0, -3.0, -3.0, -3.0, -2.0, -2.0, -1.0, -1.0, -0.0, 0.0, 1.0, -2.0, -3.0, -4.0, -6.0, -7.0, -8.0, -8.0, -8.0, -9.0, -11.0, -12.0]",93.82094861324623,-0.5140350767245521,0.75,0.0,00:22,Water injection system (Jet Engine),<100,Gas Turbine/Jet Engine (Simple Cycle Operation),Gas,NY
54,2014-12-08 16:00:00,-7.0,"[-8.0, -8.0, -8.0, -9.0, -10.0, -11.0, -12.0, -13.0, -13.0, -13.0, -14.0, -13.0, -14.0, -14.0, -14.0, -14.0, -14.0, -13.0, -13.0, -13.0, -13.0, -11.0, -10.0, -9.0]",207.90557985085675,0.4936016591667262,0.71,0.0,10:46,Other inlet air problems A,<100,Co-generator Block ,Gas,NY
55,2014-01-04 00:00:00,-29.0,"[-24.0, -24.0, -24.0, -24.0, -24.0, -24.0, -24.0, -24.0, -24.0, -24.0, -24.0, -24.0, -24.0, -24.0, -25.0, -25.0, -24.0, -23.0, -22.0, -21.0, -21.0, -22.0, -24.0, -28.0]",427.26653762031265,2.431076997176406,0.64,0.31,01:39,Storms (ice; snow; etc),>200,Combined Cycle Block,Gas,NY
56,2014-01-07 12:00:00,-26.0,"[-6.0, -7.0, -8.0, -8.0, -8.0, -9.0, -11.0, -12.0, -13.0, -16.0, -18.0, -20.0, -21.0, -22.0, -22.0, -23.0, -24.0, -24.0, -25.0, -26.0, -26.0, -26.0, -25.0, -26.0]",347.76628845181597,1.7289020354338098,0.79,0.0,03:07,Storms (ice; snow; etc),>200,Combined Cycle Block,Gas,NY
57,2015-02-22 04:00:00,-11.0,"[-25.0, -26.0, -25.0, -26.0, -26.0, -26.0, -24.0, -22.0, -19.0, -18.0, -15.0, -12.0, -11.0, -10.0, -10.0, -10.0, -11.0, -10.0, -10.0, -10.0, -10.0, -10.0, -10.0, -10.0]",259.54564583353994,0.9497054039351698,0.51,0.48,06:05,Heat recovery steam generator to gas turbine connecting equipment. For additional codes; use Fossil Steam Cause Codes 0010 to 1999.,>200,Combined Cycle Block,Gas,NY
58,2015-02-13 10:00:00,-26.0,"[-12.0, -12.0, -13.0, -14.0, -12.0, -12.0, -11.0, -11.0, -13.0, -14.0, -15.0, -16.0, -17.0, -18.0, -20.0, -20.0, -21.0, -21.0, -21.0, -21.0, -22.0, -23.0, -24.0, -25.0]",326.22061386069936,1.5386028427901373,0.73,0.0,01:01,Storms (ice; snow; etc),<100,Gas Turbine/Jet Engine (Simple Cycle Operation),Gas,NY
59,2015-02-24 18:00:00,-13.0,"[-19.0, -19.0, -19.0, -19.0, -22.0, -26.0, -28.0, -29.0, -29.0, -27.0, -28.0, -29.0, -29.0, -28.0, -31.0, -31.0, -31.0, -30.0, -27.0, -23.0, -20.0, -17.0, -14.0, -14.0]",421.3574130440941,2.3788854711543377,0.77,0.0,03:16,Storms (ice; snow; etc),<100,CC GT units ,Gas,NY
60,2015-02-24 13:00:00,-23.0,"[-23.0, -22.0, -21.0, -21.0, -20.0, -19.0, -19.0, -19.0, -19.0, -22.0, -26.0, -28.0, -29.0, -29.0, -27.0, -28.0, -29.0, -29.0, -28.0, -31.0, -31.0, -31.0, -30.0, -27.0]",460.3834119855877,2.72357721237933,0.71,0.0,03:43,Storms (ice; snow; etc),<100,CC GT units ,Gas,NY
61,2015-01-27 13:00:00,-16.0,"[-23.0, -22.0, -19.0, -16.0, -15.0, -14.0, -14.0, -14.0, -14.0, -15.0, -16.0, -16.0, -16.0, -16.0, -16.0, -16.0, -16.0, -17.0, -17.0, -18.0, -18.0, -18.0, -17.0, -17.0]",295.15380614886556,1.2642095579302732,0.66,0.82,13:16,Storms (ice; snow; etc),<100,Gas Turbine/Jet Engine (Simple Cycle Operation),Gas,NY
62,2015-02-13 09:00:00,-25.0,"[-12.0, -12.0, -12.0, -13.0, -14.0, -12.0, -12.0, -11.0, -11.0, -13.0, -14.0, -15.0, -16.0, -17.0, -18.0, -20.0, -20.0, -21.0, -21.0, -21.0, -21.0, -22.0, -23.0, -24.0]",315.2827941481978,1.4419960620755856,0.73,0.21,02:55,Storms (ice; snow; etc),<100,CoG GT units,Gas,NY
63,2015-02-13 08:00:00,-24.0,"[-12.0, -12.0, -12.0, -12.0, -13.0, -14.0, -12.0, -12.0, -11.0, -11.0, -13.0, -14.0, -15.0, -16.0, -17.0, -18.0, -20.0, -20.0, -21.0, -21.0, -21.0, -21.0, -22.0, -23.0]",305.037619186856,1.3515069703838187,0.72,0.0,10:16,Storms (ice; snow; etc),<100,CoG GT units,Gas,NY
64,2015-02-27 23:00:00,-15.0,"[-17.0, -16.0, -17.0, -19.0, -21.0, -23.0, -23.0, -24.0, -23.0, -24.0, -26.0, -27.0, -28.0, -26.0, -23.0, -22.0, -18.0, -17.0, -16.0, -14.0, -13.0, -13.0, -13.0, -14.0]",340.3125275697642,1.6630677227500812,0.61,0.0,09:37,Storms (ice; snow; etc),<100,CoG GT units,Gas,NY
65,2015-02-13 14:00:00,-25.0,"[-12.0, -12.0, -11.0, -11.0, -13.0, -14.0, -15.0, -16.0, -17.0, -18.0, -20.0, -20.0, -21.0, -21.0, -21.0, -21.0, -22.0, -23.0, -24.0, -25.0, -26.0, -28.0, -27.0, -26.0]",367.1668505537351,1.9002548185279553,0.7,0.0,01:25,SCR NOx Injection grid piping/valves,<100,Gas Turbine/Jet Engine (Simple Cycle Operation),Gas,NY
66,2015-02-17 22:00:00,-14.0,"[-20.0, -22.0, -24.0, -24.0, -26.0, -28.0, -29.0, -29.0, -29.0, -29.0, -29.0, -28.0, -29.0, -29.0, -28.0, -23.0, -21.0, -19.0, -17.0, -15.0, -14.0, -13.0, -13.0, -13.0]",384.26709275898486,2.0512903440998485,0.65,0.0,00:53,Fuel piping and valves B,<100,Gas Turbine/Jet Engine (Simple Cycle Operation),Gas,NY
67,2015-02-05 00:00:00,-5.0,"[-17.0, -19.0, -19.0, -21.0, -22.0, -23.0, -21.0, -18.0, -17.0, -15.0, -14.0, -14.0, -14.0, -13.0, -10.0, -7.0, -6.0, -4.0, -3.0, -3.0, -3.0, -3.0, -4.0, -4.0]",187.39062889687074,0.3124061905747282,0.53,0.0,20:30,Instrument air compressors,<100,Gas Turbine/Jet Engine (Simple Cycle Operation),Gas,NY
68,2015-02-24 22:00:00,-10.0,"[-22.0, -26.0, -28.0, -29.0, -29.0, -27.0, -28.0, -29.0, -29.0, -28.0, -31.0, -31.0, -31.0, -30.0, -27.0, -23.0, -20.0, -17.0, -14.0, -14.0, -13.0, -12.0, -11.0, -11.0]",381.0719385889587,2.023069586547948,0.66,0.44,00:23,SCR NOx Other ammonia system problems,<100,Gas Turbine/Jet Engine (Simple Cycle Operation),Gas,NY
69,2015-02-17 23:00:00,-17.0,"[-22.0, -24.0, -24.0, -26.0, -28.0, -29.0, -29.0, -29.0, -29.0, -29.0, -28.0, -29.0, -29.0, -28.0, -23.0, -21.0, -19.0, -17.0, -15.0, -14.0, -13.0, -13.0, -13.0, -14.0]",380.3995858711279,2.017131124104645,0.61,0.58,00:06,SCR NOx Ammonia tanks; piping and valves (not injection),<100,Gas Turbine/Jet Engine (Simple Cycle Operation),Gas,NY
70,2015-02-20 20:00:00,-17.0,"[-19.0, -20.0, -21.0, -21.0, -22.0, -22.0, -23.0, -23.0, -24.0, -25.0, -25.0, -25.0, -25.0, -25.0, -26.0, -26.0, -25.0, -25.0, -23.0, -21.0, -20.0, -19.0, -18.0, -18.0]",393.50410733242603,2.132874998519926,0.74,0.58,00:37,SCR NOx Other ammonia system problems,<100,Gas Turbine/Jet Engine (Simple Cycle Operation),Gas,NY
71,2015-02-24 10:00:00,-31.0,"[-19.0, -20.0, -24.0, -23.0, -22.0, -21.0, -21.0, -20.0, -19.0, -19.0, -19.0, -19.0, -22.0, -26.0, -28.0, -29.0, -29.0, -27.0, -28.0, -29.0, -29.0, -28.0, -31.0, -31.0]",450.9624670576761,2.6403680185274347,0.74,0.0,01:43,Fuel piping and valves B,<100,Gas Turbine/Jet Engine (Simple Cycle Operation),Gas,NY
72,2015-02-13 12:00:00,-27.0,"[-13.0, -14.0, -12.0, -12.0, -11.0, -11.0, -13.0, -14.0, -15.0, -16.0, -17.0, -18.0, -20.0, -20.0, -21.0, -21.0, -21.0, -21.0, -22.0, -23.0, -24.0, -25.0, -26.0, -28.0]",350.06169354931865,1.7491758836717775,0.71,0.0,13:56,Fuel piping and valves B,<100,Gas Turbine/Jet Engine (Simple Cycle Operation),Gas,NY
73,2015-02-20 09:00:00,-25.0,"[-19.0, -19.0, -21.0, -21.0, -21.0, -20.0, -19.0, -18.0, -18.0, -18.0, -18.0, -19.0, -20.0, -21.0, -21.0, -22.0, -22.0, -23.0, -23.0, -24.0, -25.0, -25.0, -25.0, -25.0]",386.15489520120855,2.067964098226537,0.75,0.21,00:23,NOx analyzer problems,<100,Gas Turbine/Jet Engine (Simple Cycle Operation),Gas,NY
74,2016-01-23 20:00:00,-9.0,"[-8.0, -9.0, -10.0, -12.0, -14.0, -16.0, -17.0, -17.0, -18.0, -19.0, -20.0, -19.0, -21.0, -21.0, -21.0, -16.0, -15.0, -14.0, -14.0, -12.0, -11.0, -9.0, -9.0, -9.0]",251.66046700632364,0.8800606518841515,0.63,0.0,01:15,Storms (ice; snow; etc),<100,Co-generator Block ,Gas,NY
75,2016-01-05 14:00:00,-18.0,"[-19.0, -18.0, -18.0, -16.0, -16.0, -15.0, -15.0, -17.0, -17.0, -17.0, -17.0, -18.0, -19.0, -20.0, -21.0, -22.0, -23.0, -23.0, -23.0, -23.0, -23.0, -22.0, -22.0, -21.0]",350.7877442393226,1.7555886260318194,0.65,0.0,02:00,Gas fuel system B,100-200,Multi-boiler/Multi-turbine,Gas,NY
76,2016-01-23 21:00:00,-11.0,"[-9.0, -10.0, -12.0, -14.0, -16.0, -17.0, -17.0, -18.0, -19.0, -20.0, -19.0, -21.0, -21.0, -21.0, -16.0, -15.0, -14.0, -14.0, -12.0, -11.0, -9.0, -9.0, -9.0, -9.0]",251.37485535409894,0.8775380264449649,0.61,0.82,00:52,Storms (ice; snow; etc),<100,CC GT units ,Gas,NY
77,2016-01-22 20:00:00,-8.0,"[-8.0, -9.0, -10.0, -10.0, -12.0, -17.0, -17.0, -18.0, -18.0, -18.0, -18.0, -19.0, -19.0, -21.0, -21.0, -19.0, -19.0, -17.0, -13.0, -11.0, -10.0, -10.0, -9.0, -9.0]",252.52303690509777,0.8876791812850888,0.65,0.88,00:30,Cooling tower icing,<100,Combined Cycle Block,Gas,NY
78,2016-01-22 20:00:00,-8.0,"[-8.0, -9.0, -10.0, -10.0, -12.0, -17.0, -17.0, -18.0, -18.0, -18.0, -18.0, -19.0, -19.0, -21.0, -21.0, -19.0, -19.0, -17.0, -13.0, -11.0, -10.0, -10.0, -9.0, -9.0]",252.52303690509777,0.8876791812850888,0.65,0.95,00:30,Cooling tower icing,<100,Combined Cycle Block,Gas,NY
79,2016-01-22 20:00:00,-8.0,"[-8.0, -9.0, -10.0, -10.0, -12.0, -17.0, -17.0, -18.0, -18.0, -18.0, -18.0, -19.0, -19.0, -21.0, -21.0, -19.0, -19.0, -17.0, -13.0, -11.0, -10.0, -10.0, -9.0, -9.0]",252.52303690509777,0.8876791812850888,0.65,0.95,00:30,Cooling tower icing,<100,Combined Cycle Block,Gas,NY
80,2017-01-07 20:00:00,-11.0,"[-11.0, -11.0, -12.0, -12.0, -15.0, -14.0, -17.0, -16.0, -17.0, -17.0, -17.0, -18.0, -18.0, -18.0, -18.0, -19.0, -19.0, -17.0, -16.0, -15.0, -13.0, -12.0, -11.0, -11.0]",265.4075567727936,1.0014799220349198,0.7,0.0,08:13,Storms (ice; snow; etc),<100,CC GT units ,Gas,NY
81,2017-01-07 18:00:00,-11.0,"[-11.0, -10.0, -11.0, -11.0, -12.0, -12.0, -15.0, -14.0, -17.0, -16.0, -17.0, -17.0, -17.0, -18.0, -18.0, -18.0, -18.0, -19.0, -19.0, -17.0, -16.0, -15.0, -13.0, -12.0]",269.30590278499466,1.0359115243331094,0.73,0.0,01:41,Storms (ice; snow; etc),<100,CC GT units ,Gas,NY
82,2017-12-31 18:00:00,-19.0,"[-17.0, -17.0, -17.0, -17.0, -18.0, -21.0, -23.0, -22.0, -23.0, -23.0, -22.0, -22.0, -21.0, -22.0, -22.0, -23.0, -24.0, -24.0, -25.0, -25.0, -22.0, -22.0, -21.0, -20.0]",382.3346401227842,2.034222223306697,0.74,0.0,10:32,Other fuel system problems A,<100,Gas Turbine/Jet Engine (Simple Cycle Operation),Gas,NY
83,2017-12-30 15:00:00,-19.0,"[-21.0, -20.0, -19.0, -18.0, -18.0, -17.0, -19.0, -21.0, -23.0, -24.0, -26.0, -28.0, -28.0, -28.0, -28.0, -28.0, -28.0, -28.0, -28.0, -26.0, -26.0, -24.0, -22.0, -20.0]",422.8390749053915,2.3919720447393704,0.65,0.0,02:03,Storms (ice; snow; etc),<100,CoG GT units,Gas,NY
84,2017-02-09 20:00:00,-11.0,"[-3.0, -3.0, -3.0, -4.0, -4.0, -5.0, -6.0, -7.0, -8.0, -9.0, -11.0, -12.0, -12.0, -13.0, -13.0, -14.0, -14.0, -14.0, -14.0, -14.0, -13.0, -13.0, -12.0, -12.0]",186.19278805315082,0.30182642689587363,0.71,0.86,04:01,Storms (ice; snow; etc),<100,CC GT units ,Gas,NY
85,2017-12-30 15:00:00,-19.0,"[-21.0, -20.0, -19.0, -18.0, -18.0, -17.0, -19.0, -21.0, -23.0, -24.0, -26.0, -28.0, -28.0, -28.0, -28.0, -28.0, -28.0, -28.0, -28.0, -26.0, -26.0, -24.0, -22.0, -20.0]",422.8390749053915,2.3919720447393704,0.65,0.0,05:14,Storms (ice; snow; etc),<100,CoG GT units,Gas,NY
86,2017-12-15 10:00:00,-23.0,"[-18.0, -20.0, -21.0, -20.0, -17.0, -17.0, -16.0, -15.0, -14.0, -13.0, -13.0, -14.0, -14.0, -17.0, -17.0, -16.0, -16.0, -17.0, -18.0, -19.0, -21.0, -21.0, -22.0, -23.0]",319.5125757621315,1.4793550235129085,0.68,0.0,04:41,Storms (ice; snow; etc),<100,CC GT units ,Gas,NY
87,2017-12-31 20:00:00,-19.0,"[-17.0, -17.0, -18.0, -21.0, -23.0, -22.0, -23.0, -23.0, -22.0, -22.0, -21.0, -22.0, -22.0, -23.0, -24.0, -24.0, -25.0, -25.0, -22.0, -22.0, -21.0, -20.0, -19.0, -19.0]",381.5296800125587,2.0271125243999175,0.7,0.0,08:39,Other fuel system problems A,<100,Gas Turbine/Jet Engine (Simple Cycle Operation),Gas,NY
88,2018-01-01 17:00:00,-20.0,"[-20.0, -19.0, -19.0, -19.0, -21.0, -22.0, -23.0, -24.0, -26.0, -24.0, -27.0, -27.0, -26.0, -28.0, -29.0, -30.0, -29.0, -29.0, -30.0, -31.0, -29.0, -27.0, -23.0, -21.0]",449.47147105811234,2.627199002456389,0.74,0.0,18:16,Ignition system B,<100,Gas Turbine/Jet Engine (Simple Cycle Operation),Gas,NY
89,2018-01-01 05:00:00,-26.0,"[-22.0, -21.0, -22.0, -22.0, -23.0, -24.0, -24.0, -25.0, -25.0, -22.0, -22.0, -21.0, -20.0, -19.0, -19.0, -19.0, -21.0, -22.0, -23.0, -24.0, -26.0, -24.0, -27.0, -27.0]",408.8282035005847,2.2682229597295946,0.57,0.0,32:59,Other fuel system problems A,<100,Gas Turbine/Jet Engine (Simple Cycle Operation),Gas,NY
90,2018-01-01 05:00:00,-26.0,"[-22.0, -21.0, -22.0, -22.0, -23.0, -24.0, -24.0, -25.0, -25.0, -22.0, -22.0, -21.0, -20.0, -19.0, -19.0, -19.0, -21.0, -22.0, -23.0, -24.0, -26.0, -24.0, -27.0, -27.0]",408.8282035005847,2.2682229597295946,0.57,0.0,33:56,Other fuel system problems A,<100,Gas Turbine/Jet Engine (Simple Cycle Operation),Gas,NY
91,2018-01-07 13:00:00,-27.0,"[-26.0, -25.0, -24.0, -24.0, -23.0, -22.0, -22.0, -22.0, -22.0, -22.0, -22.0, -22.0, -23.0, -23.0, -24.0, -26.0, -25.0, -26.0, -27.0, -28.0, -29.0, -29.0, -29.0, -29.0]",448.709274398965,2.6204670058202177,0.67,0.0,01:08,SCR NOx Injection grid piping/valves,<100,Gas Turbine/Jet Engine (Simple Cycle Operation),Gas,NY
92,2019-01-23 17:00:00,-6.0,"[-16.0, -15.0, -14.0, -13.0, -13.0, -14.0, -13.0, -14.0, -17.0, -17.0, -14.0, -14.0, -16.0, -13.0, -13.0, -12.0, -11.0, -11.0, -9.0, -9.0, -8.0, -6.0, -6.0, -6.0]",201.57801426471207,0.4377143107641058,0.71,0.0,01:07,Storms (ice; snow; etc),<100,CoG GT units,Gas,NY
93,2019-01-23 17:00:00,-6.0,"[-16.0, -15.0, -14.0, -13.0, -13.0, -14.0, -13.0, -14.0, -17.0, -17.0, -14.0, -14.0, -16.0, -13.0, -13.0, -12.0, -11.0, -11.0, -9.0, -9.0, -8.0, -6.0, -6.0, -6.0]",201.57801426471207,0.4377143107641058,0.71,0.0,01:22,Storms (ice; snow; etc),<100,CoG GT units,Gas,NY
94,2020-12-17 05:00:00,-12.0,"[-16.0, -16.0, -16.0, -17.0, -17.0, -17.0, -17.0, -17.0, -15.0, -15.0, -14.0, -13.0, -12.0, -12.0, -12.0, -12.0, -13.0, -13.0, -13.0, -12.0, -12.0, -12.0, -12.0, -12.0]",241.34187364750954,0.7889231023450762,0.54,0.0,09:05,Storms (ice; snow; etc),>200,CC GT units ,Gas,NY
95,2020-12-17 14:00:00,-11.0,"[-15.0, -14.0, -13.0, -12.0, -12.0, -12.0, -12.0, -13.0, -13.0, -13.0, -12.0, -12.0, -12.0, -12.0, -12.0, -12.0, -12.0, -12.0, -12.0, -12.0, -12.0, -12.0, -12.0, -12.0]",217.00196937638833,0.573944262289245,0.65,0.0,28:57,Storms (ice; snow; etc),>200,CC GT units ,Gas,NY
96,2020-12-17 08:00:00,-12.0,"[-17.0, -17.0, -17.0, -17.0, -17.0, -15.0, -15.0, -14.0, -13.0, -12.0, -12.0, -12.0, -12.0, -13.0, -13.0, -13.0, -12.0, -12.0, -12.0, -12.0, -12.0, -12.0, -12.0, -12.0]",233.44794513509427,0.719201069908976,0.62,0.0,44:47,Storms (ice; snow; etc),>200,CC GT units ,Gas,NY
97,2020-12-17 01:00:00,-12.0,"[-13.0, -14.0, -15.0, -15.0, -16.0, -16.0, -16.0, -17.0, -17.0, -17.0, -17.0, -17.0, -15.0, -15.0, -14.0, -13.0, -12.0, -12.0, -12.0, -12.0, -13.0, -13.0, -13.0, -12.0]",249.57833878420644,0.8616705421675184,0.53,0.65,06:35,Storms (ice; snow; etc),>200,CC GT units ,Gas,NY
98,2020-12-17 01:00:00,-12.0,"[-13.0, -14.0, -15.0, -15.0, -16.0, -16.0, -16.0, -17.0, -17.0, -17.0, -17.0, -17.0, -15.0, -15.0, -14.0, -13.0, -12.0, -12.0, -12.0, -12.0, -13.0, -13.0, -13.0, -12.0]",249.57833878420644,0.8616705421675184,0.53,0.62,04:08,Storms (ice; snow; etc),>200,CC GT units ,Gas,NY
99,2021-02-09 16:00:00,-7.0,"[-10.0, -9.0, -8.0, -8.0, -7.0, -8.0, -11.0, -14.0, -16.0, -16.0, -16.0, -17.0, -17.0, -16.0, -14.0, -13.0, -13.0, -12.0, -12.0, -12.0, -12.0, -11.0, -9.0, -8.0]",209.95446300396054,0.5116981364066466,0.67,0.67,00:54,Storms (ice; snow; etc),>200,CC GT units ,Gas,NY
100,2021-02-09 19:00:00,-6.0,"[-8.0, -7.0, -8.0, -11.0, -14.0, -16.0, -16.0, -16.0, -17.0, -17.0, -16.0, -14.0, -13.0, -13.0, -12.0, -12.0, -12.0, -12.0, -11.0, -9.0, -8.0, -7.0, -7.0, -6.0]",197.81981779256967,0.40452055990610897,0.68,0.73,00:33,Storms (ice; snow; etc),>200,CC GT units ,Gas,NY
101,2021-02-01 11:00:00,-24.0,"[-27.0, -26.0, -24.0, -17.0, -15.0, -13.0, -13.0, -13.0, -12.0, -13.0, -14.0, -16.0, -17.0, -20.0, -18.0, -21.0, -20.0, -21.0, -22.0, -22.0, -23.0, -23.0, -24.0, -23.0]",348.8092709363602,1.7381140340607681,0.68,0.62,07:02,Storms (ice; snow; etc),>200,CC GT units ,Gas,NY
102,2021-02-09 14:00:00,-9.0,"[-13.0, -12.0, -10.0, -9.0, -8.0, -8.0, -7.0, -8.0, -11.0, -14.0, -16.0, -16.0, -16.0, -17.0, -17.0, -16.0, -14.0, -13.0, -13.0, -12.0, -12.0, -12.0, -12.0, -11.0]",219.66915772161826,0.5975018346724806,0.67,0.77,02:48,Storms (ice; snow; etc),>200,CC GT units ,Gas,NY
103,2021-02-01 19:00:00,-8.0,"[-12.0, -13.0, -14.0, -16.0, -17.0, -20.0, -18.0, -21.0, -20.0, -21.0, -22.0, -22.0, -23.0, -23.0, -24.0, -23.0, -24.0, -23.0, -20.0, -17.0, -15.0, -12.0, -11.0, -9.0]",313.5129664224529,1.4263643033249682,0.68,0.0,13:43,Storms (ice; snow; etc),>200,CC GT units ,Gas,NY
104,2021-02-01 09:00:00,-24.0,"[-26.0, -27.0, -27.0, -26.0, -24.0, -17.0, -15.0, -13.0, -13.0, -13.0, -12.0, -13.0, -14.0, -16.0, -17.0, -20.0, -18.0, -21.0, -20.0, -21.0, -22.0, -22.0, -23.0, -23.0]",347.41703692713725,1.7258173196178876,0.66,0.82,01:48,Storms (ice; snow; etc),>200,CC GT units ,Gas,NY
105,2021-02-09 17:00:00,-7.0,"[-9.0, -8.0, -8.0, -7.0, -8.0, -11.0, -14.0, -16.0, -16.0, -16.0, -17.0, -17.0, -16.0, -14.0, -13.0, -13.0, -12.0, -12.0, -12.0, -12.0, -11.0, -9.0, -8.0, -7.0]",205.986082061298,0.4766479602658363,0.69,0.57,02:01,Storms (ice; snow; etc),>200,CC GT units ,Gas,NY
106,2021-02-01 09:00:00,-24.0,"[-26.0, -27.0, -27.0, -26.0, -24.0, -17.0, -15.0, -13.0, -13.0, -13.0, -12.0, -13.0, -14.0, -16.0, -17.0, -20.0, -18.0, -21.0, -20.0, -21.0, -22.0, -22.0, -23.0, -23.0]",347.41703692713725,1.7258173196178876,0.66,0.82,01:48,Storms (ice; snow; etc),>200,CC GT units ,Gas,NY
107,2021-02-01 20:00:00,-10.0,"[-13.0, -14.0, -16.0, -17.0, -20.0, -18.0, -21.0, -20.0, -21.0, -22.0, -22.0, -23.0, -23.0, -24.0, -23.0, -24.0, -23.0, -20.0, -17.0, -15.0, -12.0, -11.0, -9.0, -8.0]",308.50388096672685,1.382122248425427,0.65,0.0,22:18,Storms (ice; snow; etc),>200,CC GT units ,Gas,NY
108,2021-02-01 18:00:00,-9.0,"[-13.0, -12.0, -13.0, -14.0, -16.0, -17.0, -20.0, -18.0, -21.0, -20.0, -21.0, -22.0, -22.0, -23.0, -23.0, -24.0, -23.0, -24.0, -23.0, -20.0, -17.0, -15.0, -12.0, -11.0]",321.2202449389275,1.4944377754718912,0.7,0.56,01:42,Storms (ice; snow; etc),>200,CC GT units ,Gas,NY
109,2021-02-09 17:00:00,-7.0,"[-9.0, -8.0, -8.0, -7.0, -8.0, -11.0, -14.0, -16.0, -16.0, -16.0, -17.0, -17.0, -16.0, -14.0, -13.0, -13.0, -12.0, -12.0, -12.0, -12.0, -11.0, -9.0, -8.0, -7.0]",205.986082061298,0.4766479602658363,0.69,0.57,02:00,Storms (ice; snow; etc),>200,CC GT units ,Gas,NY
110,2021-02-09 16:00:00,-7.0,"[-10.0, -9.0, -8.0, -8.0, -7.0, -8.0, -11.0, -14.0, -16.0, -16.0, -16.0, -17.0, -17.0, -16.0, -14.0, -13.0, -13.0, -12.0, -12.0, -12.0, -12.0, -11.0, -9.0, -8.0]",209.95446300396054,0.5116981364066466,0.67,0.67,00:54,Storms (ice; snow; etc),>200,CC GT units ,Gas,NY
111,2021-02-01 11:00:00,-24.0,"[-27.0, -26.0, -24.0, -17.0, -15.0, -13.0, -13.0, -13.0, -12.0, -13.0, -14.0, -16.0, -17.0, -20.0, -18.0, -21.0, -20.0, -21.0, -22.0, -22.0, -23.0, -23.0, -24.0, -23.0]",348.8092709363602,1.7381140340607681,0.68,0.62,07:02,Storms (ice; snow; etc),>200,CC GT units ,Gas,NY
112,2021-02-09 14:00:00,-9.0,"[-13.0, -12.0, -10.0, -9.0, -8.0, -8.0, -7.0, -8.0, -11.0, -14.0, -16.0, -16.0, -16.0, -17.0, -17.0, -16.0, -14.0, -13.0, -13.0, -12.0, -12.0, -12.0, -12.0, -11.0]",219.66915772161826,0.5975018346724806,0.67,0.77,02:48,Storms (ice; snow; etc),>200,CC GT units ,Gas,NY
113,2021-02-09 19:00:00,-6.0,"[-8.0, -7.0, -8.0, -11.0, -14.0, -16.0, -16.0, -16.0, -17.0, -17.0, -16.0, -14.0, -13.0, -13.0, -12.0, -12.0, -12.0, -12.0, -11.0, -9.0, -8.0, -7.0, -7.0, -6.0]",197.81981779256967,0.40452055990610897,0.68,0.73,00:33,Storms (ice; snow; etc),>200,CC GT units ,Gas,NY
114,2021-02-01 18:00:00,-9.0,"[-13.0, -12.0, -13.0, -14.0, -16.0, -17.0, -20.0, -18.0, -21.0, -20.0, -21.0, -22.0, -22.0, -23.0, -23.0, -24.0, -23.0, -24.0, -23.0, -20.0, -17.0, -15.0, -12.0, -11.0]",321.2202449389275,1.4944377754718912,0.7,0.56,01:14,Storms (ice; snow; etc),>200,CC GT units ,Gas,NY
115,2021-01-21 11:00:00,-13.0,"[-7.0, -7.0, -8.0, -8.0, -8.0, -8.0, -8.0, -9.0, -9.0, -10.0, -11.0, -12.0, -13.0, -17.0, -17.0, -19.0, -20.0, -18.0, -17.0, -17.0, -17.0, -15.0, -14.0, -14.0]",236.7276867779687,0.7481689346225816,0.64,0.0,03:37,Other instrument air problems,<100,Gas Turbine/Jet Engine (Simple Cycle Operation),Gas,NY
116,2021-02-18 18:00:00,-7.0,"[-9.0, -8.0, -8.0, -8.0, -12.0, -11.0, -11.0, -15.0, -15.0, -13.0, -12.0, -15.0, -16.0, -17.0, -18.0, -19.0, -21.0, -22.0, -20.0, -17.0, -11.0, -9.0, -8.0, -7.0]",235.7201933719976,0.7392703883765905,0.7,0.0,00:37,Storms (ice; snow; etc),<100,Gas Turbine/Jet Engine (Simple Cycle Operation),Gas,NY
117,2022-01-17 02:00:00,-15.0,"[-24.0, -24.0, -26.0, -25.0, -26.0, -26.0, -27.0, -27.0, -26.0, -27.0, -26.0, -23.0, -21.0, -19.0, -16.0, -14.0, -13.0, -13.0, -13.0, -14.0, -15.0, -15.0, -15.0, -15.0]",340.66353034938686,1.666167906283226,0.53,0.91,00:15,Storms (ice; snow; etc),>200,CC GT units ,Gas,NY
118,2022-01-17 04:00:00,-14.0,"[-26.0, -25.0, -26.0, -26.0, -27.0, -27.0, -26.0, -27.0, -26.0, -23.0, -21.0, -19.0, -16.0, -14.0, -13.0, -13.0, -13.0, -14.0, -15.0, -15.0, -15.0, -15.0, -15.0, -15.0]",327.00175164131133,1.545502134263481,0.53,0.8,00:38,Storms (ice; snow; etc),>200,CC GT units ,Gas,NY
119,2022-01-17 03:00:00,-15.0,"[-24.0, -26.0, -25.0, -26.0, -26.0, -27.0, -27.0, -26.0, -27.0, -26.0, -23.0, -21.0, -19.0, -16.0, -14.0, -13.0, -13.0, -13.0, -14.0, -15.0, -15.0, -15.0, -15.0, -15.0]",334.23623151280026,1.6093996777318518,0.52,0.86,01:48,Storms (ice; snow; etc),>200,CC GT units ,Gas,NY
120,2022-01-16 09:00:00,-27.0,"[-24.0, -25.0, -26.0, -26.0, -25.0, -24.0, -23.0, -23.0, -22.0, -21.0, -20.0, -20.0, -21.0, -22.0, -23.0, -23.0, -23.0, -24.0, -24.0, -26.0, -25.0, -26.0, -26.0, -27.0]",426.3594965495765,2.423065682296206,0.64,0.0,03:49,Operator error,>200,CC GT units ,Gas,NY
121,2022-01-17 03:00:00,-15.0,"[-24.0, -26.0, -25.0, -26.0, -26.0, -27.0, -27.0, -26.0, -27.0, -26.0, -23.0, -21.0, -19.0, -16.0, -14.0, -13.0, -13.0, -13.0, -14.0, -15.0, -15.0, -15.0, -15.0, -15.0]",334.23623151280026,1.6093996777318518,0.52,0.88,01:48,Storms (ice; snow; etc),>200,CC GT units ,Gas,NY
122,2022-01-17 11:00:00,-10.0,"[-27.0, -26.0, -23.0, -21.0, -19.0, -16.0, -14.0, -13.0, -13.0, -13.0, -14.0, -15.0, -15.0, -15.0, -15.0, -15.0, -15.0, -14.0, -14.0, -14.0, -13.0, -13.0, -12.0, -12.0]",265.99717673547167,1.0066876588541924,0.65,0.45,01:34,Storms (ice; snow; etc),>200,CC GT units ,Gas,NY
123,2022-01-19 00:00:00,-23.0,"[-7.0, -8.0, -8.0, -7.0, -7.0, -8.0, -9.0, -9.0, -9.0, -9.0, -10.0, -12.0, -13.0, -14.0, -13.0, -13.0, -13.0, -14.0, -14.0, -14.0, -14.0, -15.0, -16.0, -21.0]",228.0102636468439,0.6711734997954768,0.56,0.85,01:02,Operator error,>200,CC GT units ,Gas,NY
124,2022-01-17 05:00:00,-14.0,"[-25.0, -26.0, -26.0, -27.0, -27.0, -26.0, -27.0, -26.0, -23.0, -21.0, -19.0, -16.0, -14.0, -13.0, -13.0, -13.0, -14.0, -15.0, -15.0, -15.0, -15.0, -15.0, -15.0, -14.0]",319.0503567554583,1.4752725380273655,0.54,0.69,01:38,Storms (ice; snow; etc),>200,CC GT units ,Gas,NY
125,2022-01-17 04:00:00,-14.0,"[-26.0, -25.0, -26.0, -26.0, -27.0, -27.0, -26.0, -27.0, -26.0, -23.0, -21.0, -19.0, -16.0, -14.0, -13.0, -13.0, -13.0, -14.0, -15.0, -15.0, -15.0, -15.0, -15.0, -15.0]",327.00175164131133,1.545502134263481,0.53,0.81,00:38,Storms (ice; snow; etc),>200,CC GT units ,Gas,NY
126,2022-01-17 07:00:00,-13.0,"[-26.0, -27.0, -27.0, -26.0, -27.0, -26.0, -23.0, -21.0, -19.0, -16.0, -14.0, -13.0, -13.0, -13.0, -14.0, -15.0, -15.0, -15.0, -15.0, -15.0, -15.0, -14.0, -14.0, -14.0]",303.30900173217856,1.336239195656055,0.58,0.0,04:16,Storms (ice; snow; etc),>200,CC GT units ,Gas,NY
127,2022-01-17 02:00:00,-15.0,"[-24.0, -24.0, -26.0, -25.0, -26.0, -26.0, -27.0, -27.0, -26.0, -27.0, -26.0, -23.0, -21.0, -19.0, -16.0, -14.0, -13.0, -13.0, -13.0, -14.0, -15.0, -15.0, -15.0, -15.0]",340.66353034938686,1.666167906283226,0.53,0.93,00:15,Storms (ice; snow; etc),>200,CC GT units ,Gas,NY
128,2022-01-17 05:00:00,-14.0,"[-25.0, -26.0, -26.0, -27.0, -27.0, -26.0, -27.0, -26.0, -23.0, -21.0, -19.0, -16.0, -14.0, -13.0, -13.0, -13.0, -14.0, -15.0, -15.0, -15.0, -15.0, -15.0, -15.0, -14.0]",319.0503567554583,1.4752725380273655,0.54,0.77,07:28,Storms (ice; snow; etc),>200,CC GT units ,Gas,NY
129,2022-01-16 09:00:00,-27.0,"[-24.0, -25.0, -26.0, -26.0, -25.0, -24.0, -23.0, -23.0, -22.0, -21.0, -20.0, -20.0, -21.0, -22.0, -23.0, -23.0, -23.0, -24.0, -24.0, -26.0, -25.0, -26.0, -26.0, -27.0]",426.3594965495765,2.423065682296206,0.64,0.0,01:30,Operator error,>200,CC GT units ,Gas,NY
130,2022-01-29 12:00:00,-22.0,"[-16.0, -17.0, -17.0, -17.0, -16.0, -15.0, -15.0, -15.0, -15.0, -16.0, -18.0, -23.0, -25.0, -27.0, -28.0, -28.0, -29.0, -30.0, -31.0, -30.0, -24.0, -24.0, -23.0, -22.0]",400.37588404634045,2.193569016484194,0.69,0.0,00:45,Storms (ice; snow; etc),<100,Gas Turbine/Jet Engine (Simple Cycle Operation),Gas,NY
131,2022-01-29 14:00:00,-22.0,"[-17.0, -17.0, -16.0, -15.0, -15.0, -15.0, -15.0, -16.0, -18.0, -23.0, -25.0, -27.0, -28.0, -28.0, -29.0, -30.0, -31.0, -30.0, -24.0, -24.0, -23.0, -22.0, -22.0, -22.0]",404.8676518843295,2.233241935032057,0.68,0.0,55:58,Storms (ice; snow; etc),<100,CC GT units ,Gas,NY
132,2022-01-21 16:00:00,-20.0,"[-17.0, -16.0, -16.0, -16.0, -17.0, -18.0, -19.0, -20.0, -21.0, -24.0, -26.0, -28.0, -29.0, -29.0, -31.0, -31.0, -32.0, -32.0, -33.0, -33.0, -33.0, -31.0, -24.0, -21.0]",453.41330908642755,2.662014741975159,0.71,0.0,02:00,Service air dryers,>200,CC GT units ,Gas,NY
133,2022-01-21 16:00:00,-20.0,"[-17.0, -16.0, -16.0, -16.0, -17.0, -18.0, -19.0, -20.0, -21.0, -24.0, -26.0, -28.0, -29.0, -29.0, -31.0, -31.0, -32.0, -32.0, -33.0, -33.0, -33.0, -31.0, -24.0, -21.0]",453.41330908642755,2.662014741975159,0.71,0.0,02:00,Service air dryers,>200,CC GT units ,Gas,NY
134,2022-12-28 05:00:00,-6.0,"[-9.0, -9.0, -9.0, -9.0, -9.0, -9.0, -9.0, -8.0, -8.0, -8.0, -8.0, -7.0, -7.0, -7.0, -6.0, -6.0, -6.0, -7.0, -7.0, -7.0, -7.0, -7.0, -7.0, -6.0]",130.01577454548948,-0.19434927976073602,0.69,0.0,24:00,Storms (ice; snow; etc),<100,Combined Cycle Block,Gas,NY
135,2022-12-12 08:00:00,-7.0,"[-8.0, -8.0, -8.0, -8.0, -8.0, -7.0, -7.0, -7.0, -7.0, -6.0, -6.0, -6.0, -6.0, -6.0, -6.0, -6.0, -6.0, -6.0, -6.0, -6.0, -6.0, -6.0, -6.0, -7.0]",116.04501181181519,-0.3177441104768135,0.81,0.77,02:04,Storms (ice; snow; etc),>200,CC GT units ,Gas,NY
136,2022-12-16 01:00:00,-2.0,"[-9.0, -10.0, -11.0, -9.0, -10.0, -11.0, -10.0, -10.0, -10.0, -9.0, -9.0, -8.0, -7.0, -5.0, -3.0, -2.0, -2.0, -1.0, -1.0, -1.0, -1.0, -1.0, -2.0, -2.0]",89.96843718886947,-0.5480618513613367,0.65,0.6,06:14,Storms (ice; snow; etc),>200,CC GT units ,Gas,NY
137,2022-12-11 18:00:00,-6.0,"[-6.0, -6.0, -6.0, -7.0, -7.0, -8.0, -9.0, -9.0, -9.0, -9.0, -8.0, -8.0, -8.0, -8.0, -8.0, -8.0, -8.0, -8.0, -8.0, -7.0, -7.0, -7.0, -7.0, -6.0]",132.97372658954276,-0.16822357719888045,0.83,0.62,12:33,Storms (ice; snow; etc),>200,CC GT units ,Gas,NY
138,2022-12-16 07:00:00,0.0,"[-10.0, -10.0, -10.0, -9.0, -9.0, -8.0, -7.0, -5.0, -3.0, -2.0, -2.0, -1.0, -1.0, -1.0, -1.0, -1.0, -2.0, -2.0, -2.0, -1.0, 0.0, 0.0, 0.0, 0.0]",49.74785426703244,-0.9033045904695952,0.77,0.67,00:50,Storms (ice; snow; etc),>200,CC GT units ,Gas,NY
139,2022-12-12 10:00:00,-8.0,"[-8.0, -8.0, -8.0, -7.0, -7.0, -7.0, -7.0, -6.0, -6.0, -6.0, -6.0, -6.0, -6.0, -6.0, -6.0, -6.0, -6.0, -6.0, -6.0, -6.0, -6.0, -7.0, -7.0, -7.0]",116.61723025892803,-0.3126900701384206,0.83,0.84,00:45,Storms (ice; snow; etc),>200,CC GT units ,Gas,NY
140,2022-12-11 18:00:00,-6.0,"[-6.0, -6.0, -6.0, -7.0, -7.0, -8.0, -9.0, -9.0, -9.0, -9.0, -8.0, -8.0, -8.0, -8.0, -8.0, -8.0, -8.0, -8.0, -8.0, -7.0, -7.0, -7.0, -7.0, -6.0]",132.97372658954276,-0.16822357719888045,0.83,0.62,12:33,Storms (ice; snow; etc),>200,CC GT units ,Gas,NY
141,2022-12-12 08:00:00,-7.0,"[-8.0, -8.0, -8.0, -8.0, -8.0, -7.0, -7.0, -7.0, -7.0, -6.0, -6.0, -6.0, -6.0, -6.0, -6.0, -6.0, -6.0, -6.0, -6.0, -6.0, -6.0, -6.0, -6.0, -7.0]",116.04501181181519,-0.3177441104768135,0.81,0.77,02:04,Storms (ice; snow; etc),>200,CC GT units ,Gas,NY
142,2022-12-12 10:00:00,-8.0,"[-8.0, -8.0, -8.0, -7.0, -7.0, -7.0, -7.0, -6.0, -6.0, -6.0, -6.0, -6.0, -6.0, -6.0, -6.0, -6.0, -6.0, -6.0, -6.0, -6.0, -6.0, -7.0, -7.0, -7.0]",116.61723025892803,-0.3126900701384206,0.83,0.84,00:45,Storms (ice; snow; etc),>200,CC GT units ,Gas,NY
143,2022-12-15 21:00:00,-1.0,"[-7.0, -11.0, -9.0, -9.0, -9.0, -10.0, -11.0, -9.0, -10.0, -11.0, -10.0, -10.0, -10.0, -9.0, -9.0, -8.0, -7.0, -5.0, -3.0, -2.0, -2.0, -1.0, -1.0, -1.0]",112.20009078253112,-0.3517038439981354,0.8,0.69,04:18,Storms (ice; snow; etc),>200,CC GT units ,Gas,NY
144,2022-12-16 08:00:00,0.0,"[-10.0, -10.0, -9.0, -9.0, -8.0, -7.0, -5.0, -3.0, -2.0, -2.0, -1.0, -1.0, -1.0, -1.0, -1.0, -2.0, -2.0, -2.0, -1.0, 0.0, 0.0, 0.0, 0.0, 0.0]",43.585671586477744,-0.957731217218886,0.8,0.76,06:50,Storms (ice; snow; etc),>200,CC GT units ,Gas,NY
145,2022-12-16 01:00:00,-2.0,"[-9.0, -10.0, -11.0, -9.0, -10.0, -11.0, -10.0, -10.0, -10.0, -9.0, -9.0, -8.0, -7.0, -5.0, -3.0, -2.0, -2.0, -1.0, -1.0, -1.0, -1.0, -1.0, -2.0, -2.0]",89.96843718886947,-0.5480618513613367,0.65,0.61,06:14,Storms (ice; snow; etc),>200,CC GT units ,Gas,NY
146,2022-12-25 15:00:00,-12.0,"[-18.0, -17.0, -17.0, -17.0, -17.0, -17.0, -17.0, -17.0, -17.0, -16.0, -16.0, -16.0, -16.0, -16.0, -15.0, -15.0, -14.0, -14.0, -14.0, -13.0, -13.0, -13.0, -13.0, -12.0]",264.6510215822452,0.9947979295375836,0.79,0.0,38:00,Storms (ice; snow; etc),<100,Combined Cycle Block,Gas,NY
147,2022-12-12 07:00:00,-7.0,"[-8.0, -8.0, -8.0, -8.0, -8.0, -8.0, -7.0, -7.0, -7.0, -7.0, -6.0, -6.0, -6.0, -6.0, -6.0, -6.0, -6.0, -6.0, -6.0, -6.0, -6.0, -6.0, -6.0, -6.0]",116.26887572561873,-0.31576686340206045,0.79,0.68,00:57,Storms (ice; snow; etc),>200,CC GT units ,Gas,NY
148,2022-12-16 08:00:00,0.0,"[-10.0, -10.0, -9.0, -9.0, -8.0, -7.0, -5.0, -3.0, -2.0, -2.0, -1.0, -1.0, -1.0, -1.0, -1.0, -2.0, -2.0, -2.0, -1.0, 0.0, 0.0, 0.0, 0.0, 0.0]",43.585671586477744,-0.957731217218886,0.8,0.76,06:50,Storms (ice; snow; etc),>200,CC GT units ,Gas,NY
149,2022-12-15 21:00:00,-1.0,"[-7.0, -11.0, -9.0, -9.0, -9.0, -10.0, -11.0, -9.0, -10.0, -11.0, -10.0, -10.0, -10.0, -9.0, -9.0, -8.0, -7.0, -5.0, -3.0, -2.0, -2.0, -1.0, -1.0, -1.0]",112.20009078253112,-0.3517038439981354,0.8,0.68,04:18,Storms (ice; snow; etc),>200,CC GT units ,Gas,NY
150,2022-12-26 19:00:00,-9.0,"[-12.0, -12.0, -12.0, -12.0, -12.0, -12.0, -13.0, -13.0, -13.0, -13.0, -13.0, -13.0, -13.0, -13.0, -13.0, -14.0, -14.0, -14.0, -13.0, -13.0, -12.0, -12.0, -11.0, -10.0]",219.61855186223286,0.5970548654145279,0.88,0.0,01:04,Storms (ice; snow; etc),<100,CoG GT units,Gas,NY
151,2022-12-16 07:00:00,0.0,"[-10.0, -10.0, -10.0, -9.0, -9.0, -8.0, -7.0, -5.0, -3.0, -2.0, -2.0, -1.0, -1.0, -1.0, -1.0, -1.0, -2.0, -2.0, -2.0, -1.0, 0.0, 0.0, 0.0, 0.0]",49.74785426703244,-0.9033045904695952,0.77,0.67,00:50,Storms (ice; snow; etc),>200,CC GT units ,Gas,NY
152,2022-12-12 07:00:00,-7.0,"[-8.0, -8.0, -8.0, -8.0, -8.0, -8.0, -7.0, -7.0, -7.0, -7.0, -6.0, -6.0, -6.0, -6.0, -6.0, -6.0, -6.0, -6.0, -6.0, -6.0, -6.0, -6.0, -6.0, -6.0]",116.26887572561873,-0.31576686340206045,0.79,0.68,00:57,Storms (ice; snow; etc),>200,CC GT units ,Gas,NY
153,2022-12-21 14:00:00,-6.0,"[-7.0, -6.0, -6.0, -5.0, -5.0, -4.0, -4.0, -4.0, -6.0, -7.0, -7.0, -8.0, -9.0, -11.0, -11.0, -12.0, -11.0, -11.0, -11.0, -11.0, -10.0, -11.0, -11.0, -10.0]",152.19130139933083,0.001512995931203102,0.78,0.0,02:35,Storms (ice; snow; etc),<100,CoG GT units,Gas,NY
